key,label,service,city,primaryKeyword,secondaryKeywords,industry,offer,localCondition,jenisKertas,lamaPengerjaan
cetak-sda,Cetak Buku Sidoarjo,Jasa Cetak Buku,Sidoarjo,Jasa Cetak Buku Sidoarjo,cetak buku murah sidoarjo|percetakan buku sidoarjo|cetak novel sidoarjo,Percetakan,Gratis Ongkir Sidoarjo,Pusat Kota Sidoarjo,HVS|Bookpaper|Art Paper,3 Hari|5 Hari|1 Minggu
cetak-waru,Cetak Buku Waru,Jasa Cetak Buku,Waru Sidoarjo,Jasa Cetak Buku Waru Sidoarjo,cetak buku waru|percetakan buku dekat bungurasih,Percetakan,Diskon 10% Pelajar,Area Perbatasan Surabaya-Sidoarjo,HVS|Bookpaper,3 Hari|5 Hari
cetak-taman,Cetak Buku Taman,Jasa Cetak Buku,Taman Sidoarjo,Jasa Cetak Buku Taman Sidoarjo,cetak lks taman sidoarjo|percetakan buku taman,Percetakan,Gratis Sampul,Dekat Kawasan Industri Taman,HVS|Art Paper,5 Hari|7 Hari
cetak-gedangan,Cetak Buku Gedangan,Jasa Cetak Buku,Gedangan Sidoarjo,Jasa Cetak Buku Gedangan Sidoarjo,cetak majalah gedangan|cetak modul gedangan,Percetakan,Promo Cetak Massal,Akses Mudah Jalan Raya Gedangan,Bookpaper|Art Paper,3 Hari|1 Minggu
cetak-buduran,Cetak Buku Buduran,Jasa Cetak Buku,Buduran Sidoarjo,Jasa Cetak Buku Buduran Sidoarjo,cetak buku tahunan buduran|percetakan buduran murah,Percetakan,Gratis Desain Cover,Kawasan Dekat Pabrik Buduran,HVS|Art Paper,5 Hari|1 Minggu
cetak-sedati,Cetak Buku Sedati,Jasa Cetak Buku,Sedati Sidoarjo,Jasa Cetak Buku Sedati Sidoarjo,cetak buku sedati dekat bandara|cetak yasin sedati,Percetakan,Gratis Ongkir Area Sedati,Dekat Bandara Juanda,HVS|Bookpaper,3 Hari|5 Hari
cetak-krian,Cetak Buku Krian,Jasa Cetak Buku,Krian Sidoarjo,Jasa Cetak Buku Krian Sidoarjo,percetakan buku krian|cetak buku murah krian,Percetakan,Potongan Harga Member,Kawasan Industri Barat Sidoarjo,HVS|Art Paper,5 Hari|7 Hari
cetak-candi,Cetak Buku Candi,Jasa Cetak Buku,Candi Sidoarjo,Jasa Cetak Buku Candi Sidoarjo,cetak buku candi sidoarjo|percetakan murah candi,Percetakan,Gratis Ongkir Area Candi,Tersedia Layanan Antar Jemput,Bookpaper|Art Paper,3 Hari|5 Hari
cetak-sukodono,Cetak Buku Sukodono,Jasa Cetak Buku,Sukodono Sidoarjo,Jasa Cetak Buku Sukodono Sidoarjo,cetak buku sukodono|jasa cetak novel sukodono,Percetakan,Bonus Pembatas Buku,Area Perumahan Padat Penduduk,HVS|Bookpaper,5 Hari|1 Minggu
cetak-tanggulangin,Cetak Buku Tanggulangin,Jasa Cetak Buku,Tanggulangin Sidoarjo,Jasa Cetak Buku Tanggulangin Sidoarjo,cetak buku tanggulangin|percetakan tanggulangin,Percetakan,Diskon Cetak Partai Besar,Area Sentra Industri Tanggulangin,HVS|Art Paper,7 Hari|10 Hari
